{
    "metrics": {
        "http_req_duration{expected_response:true}": {
            "p(95)": 505.63775,
            "avg": 127.8112234689109,
            "min": 57.82,
            "med": 79.5035,
            "max": 1593.882,
            "p(90)": 143.24780000000004
        },
        "iteration_duration": {
            "min": 1058.188666,
            "med": 1080.8201255,
            "max": 2597.004208,
            "p(90)": 1181.4356215000003,
            "p(95)": 1549.3418661,
            "avg": 1137.2025203784522
        },
        "http_req_duration": {
            "avg": 127.8112234689109,
            "min": 57.82,
            "med": 79.5035,
            "max": 1593.882,
            "p(90)": 143.24780000000004,
            "p(95)": 505.63775,
            "thresholds": {
                "p(95)<800": false
            }
        },
        "http_reqs": {
            "count": 4278,
            "rate": 70.40982964672534
        },
        "http_req_connecting": {
            "avg": 0.01156100981767181,
            "min": 0,
            "med": 0,
            "max": 1.382,
            "p(90)": 0,
            "p(95)": 0
        },
        "http_req_sending": {
            "max": 564.572,
            "p(90)": 0.038,
            "p(95)": 0.058,
            "avg": 0.3742636746143077,
            "min": 0.002,
            "med": 0.015
        },
        "http_req_waiting": {
            "avg": 127.38083426834962,
            "min": 57.785,
            "med": 79.406,
            "max": 1593.473,
            "p(90)": 143.17240000000004,
            "p(95)": 502.8169999999994
        },
        "http_req_receiving": {
            "max": 12.928,
            "p(90)": 0.083,
            "p(95)": 0.116,
            "avg": 0.05612552594670358,
            "min": 0.007,
            "med": 0.031
        },
        "vus": {
            "value": 30,
            "min": 30,
            "max": 130
        },
        "vus_max": {
            "value": 130,
            "min": 130,
            "max": 130
        },
        "data_received": {
            "count": 3234168,
            "rate": 53229.831212924364
        },
        "http_req_tls_handshaking": {
            "avg": 0,
            "min": 0,
            "med": 0,
            "max": 0,
            "p(90)": 0,
            "p(95)": 0
        },
        "checks": {
            "passes": 4278,
            "fails": 0,
            "value": 1
        },
        "data_sent": {
            "count": 700292,
            "rate": 11525.815900646234
        },
        "iterations": {
            "count": 4278,
            "rate": 70.40982964672534
        },
        "http_req_failed": {
            "fails": 4278,
            "passes": 0,
            "value": 0
        },
        "http_req_blocked": {
            "max": 67.467,
            "p(90)": 0.011,
            "p(95)": 0.03114999999999981,
            "avg": 0.0617949976624584,
            "min": 0.001,
            "med": 0.004
        },
        "status_count": {
            "count": 4278,
            "rate": 70.40982964672534
        }
    },
    "root_group": {
        "name": "",
        "path": "",
        "id": "d41d8cd98f00b204e9800998ecf8427e",
        "groups": {},
        "checks": {
                "ok": {
                    "name": "ok",
                    "path": "::ok",
                    "id": "2385b52f13b6c5244d846734f1757fa3",
                    "passes": 4278,
                    "fails": 0
                }
            }
    }
}