{
    "metrics": {
        "http_req_blocked": {
            "avg": 0.02449182702255333,
            "min": 0.001,
            "med": 0.006,
            "max": 4.272,
            "p(90)": 0.013,
            "p(95)": 0.019
        },
        "http_req_receiving": {
            "avg": 0.07315228636457666,
            "min": 0.011,
            "med": 0.056,
            "max": 8.149,
            "p(90)": 0.121,
            "p(95)": 0.153
        },
        "http_req_failed": {
            "passes": 0,
            "fails": 4833,
            "value": 0
        },
        "http_req_tls_handshaking": {
            "p(90)": 0,
            "p(95)": 0,
            "avg": 0,
            "min": 0,
            "med": 0,
            "max": 0
        },
        "http_req_waiting": {
            "med": 2.616,
            "max": 33.272,
            "p(90)": 6.26,
            "p(95)": 7.991199999999998,
            "avg": 3.2822795365197575,
            "min": 0.256
        },
        "iterations": {
            "count": 4833,
            "rate": 80.21347506051362
        },
        "vus_max": {
            "value": 130,
            "min": 130,
            "max": 130
        },
        "http_reqs": {
            "count": 4833,
            "rate": 80.21347506051362
        },
        "http_req_sending": {
            "med": 0.023,
            "max": 0.926,
            "p(90)": 0.051,
            "p(95)": 0.067,
            "avg": 0.02973701634595515,
            "min": 0.003
        },
        "data_sent": {
            "count": 791312,
            "rate": 13133.43376310473
        },
        "http_req_connecting": {
            "max": 2.283,
            "p(90)": 0,
            "p(95)": 0,
            "avg": 0.011229257190151045,
            "min": 0,
            "med": 0
        },
        "data_received": {
            "count": 4456026,
            "rate": 73956.82400579356
        },
        "iteration_duration": {
            "p(90)": 1007.0298668,
            "p(95)": 1008.9762834,
            "avg": 1003.9453905390053,
            "min": 1000.398709,
            "med": 1003.348584,
            "max": 1033.764834
        },
        "http_req_duration": {
            "p(90)": 6.402400000000002,
            "p(95)": 8.08799999999999,
            "avg": 3.3851688392302863,
            "min": 0.277,
            "med": 2.733,
            "max": 33.376,
            "thresholds": {
                "p(95)<800": false
            }
        },
        "vus": {
            "value": 30,
            "min": 30,
            "max": 130
        },
        "checks": {
            "passes": 9666,
            "fails": 0,
            "value": 1
        },
        "http_req_duration{expected_response:true}": {
            "max": 33.376,
            "p(90)": 6.402400000000002,
            "p(95)": 8.08799999999999,
            "avg": 3.3851688392302863,
            "min": 0.277,
            "med": 2.733
        }
    },
    "root_group": {
        "path": "",
        "id": "d41d8cd98f00b204e9800998ecf8427e",
        "groups": {},
        "checks": {
                "2xx": {
                    "fails": 0,
                    "name": "2xx",
                    "path": "::2xx",
                    "id": "67e352a901723dd785c9b2fe7ab99432",
                    "passes": 4833
                },
                "skip or ok": {
                    "fails": 0,
                    "name": "skip or ok",
                    "path": "::skip or ok",
                    "id": "a106cb58505a8975ec3db78d5cca3e30",
                    "passes": 4833
                }
            },
        "name": ""
    }
}