{
    "root_group": {
        "name": "",
        "path": "",
        "id": "d41d8cd98f00b204e9800998ecf8427e",
        "groups": {},
        "checks": {
                "ok": {
                    "name": "ok",
                    "path": "::ok",
                    "id": "2385b52f13b6c5244d846734f1757fa3",
                    "passes": 0,
                    "fails": 4694
                }
            }
    },
    "metrics": {
        "data_received": {
            "count": 4248070,
            "rate": 70136.14972223042
        },
        "iteration_duration": {
            "med": 1033.38175,
            "max": 1305.18575,
            "p(90)": 1044.9485837,
            "p(95)": 1053.04342095,
            "avg": 1037.2638007492546,
            "min": 1021.165166
        },
        "vus": {
            "value": 30,
            "min": 30,
            "max": 130
        },
        "http_req_duration": {
            "min": 20.834,
            "med": 32.772999999999996,
            "max": 302.57,
            "p(90)": 44.526,
            "p(95)": 52.48899999999998,
            "avg": 36.72080656156799,
            "thresholds": {
                "p(95)<800": false
            }
        },
        "http_req_waiting": {
            "min": 20.782,
            "med": 32.671499999999995,
            "max": 302.543,
            "p(90)": 44.4291,
            "p(95)": 52.436449999999994,
            "avg": 36.645315935236376
        },
        "vus_max": {
            "value": 130,
            "min": 130,
            "max": 130
        },
        "http_req_failed": {
            "passes": 4694,
            "fails": 0,
            "value": 1
        },
        "data_sent": {
            "count": 768516,
            "rate": 12688.292151478116
        },
        "http_req_blocked": {
            "min": 0.001,
            "med": 0.004,
            "max": 1.189,
            "p(90)": 0.012,
            "p(95)": 0.016,
            "avg": 0.022429484448231823
        },
        "http_req_sending": {
            "avg": 0.02286024712398848,
            "min": 0.003,
            "med": 0.016,
            "max": 0.518,
            "p(90)": 0.043,
            "p(95)": 0.052
        },
        "http_req_receiving": {
            "avg": 0.05263037920749873,
            "min": 0.011,
            "med": 0.036,
            "max": 1.384,
            "p(90)": 0.1107000000000001,
            "p(95)": 0.133
        },
        "checks": {
            "passes": 0,
            "fails": 4694,
            "value": 0
        },
        "http_req_connecting": {
            "min": 0,
            "med": 0,
            "max": 0.842,
            "p(90)": 0,
            "p(95)": 0,
            "avg": 0.012604814657008946
        },
        "status_count": {
            "count": 4694,
            "rate": 77.4985079803651
        },
        "http_req_tls_handshaking": {
            "p(95)": 0,
            "avg": 0,
            "min": 0,
            "med": 0,
            "max": 0,
            "p(90)": 0
        },
        "iterations": {
            "count": 4694,
            "rate": 77.4985079803651
        },
        "http_reqs": {
            "count": 4694,
            "rate": 77.4985079803651
        }
    }
}