{
    "root_group": {
        "id": "d41d8cd98f00b204e9800998ecf8427e",
        "groups": {},
        "checks": {
                "ok": {
                    "fails": 0,
                    "name": "ok",
                    "path": "::ok",
                    "id": "2385b52f13b6c5244d846734f1757fa3",
                    "passes": 4837
                }
            },
        "name": "",
        "path": ""
    },
    "metrics": {
        "http_req_blocked": {
            "avg": 0.030450692578042653,
            "min": 0.001,
            "med": 0.005,
            "max": 7.012,
            "p(90)": 0.013,
            "p(95)": 0.018
        },
        "http_req_waiting": {
            "p(90)": 5.9952000000000005,
            "p(95)": 7.690999999999999,
            "avg": 3.3020845565433103,
            "min": 0.36,
            "med": 2.856,
            "max": 20.86
        },
        "http_req_connecting": {
            "min": 0,
            "med": 0,
            "max": 6.889,
            "p(90)": 0,
            "p(95)": 0,
            "avg": 0.01647343394666114
        },
        "http_req_tls_handshaking": {
            "avg": 0,
            "min": 0,
            "med": 0,
            "max": 0,
            "p(90)": 0,
            "p(95)": 0
        },
        "http_req_receiving": {
            "avg": 0.0533177589414927,
            "min": 0.01,
            "med": 0.04,
            "max": 2.9,
            "p(90)": 0.091,
            "p(95)": 0.114
        },
        "status_count": {
            "rate": 80.27706391343833,
            "count": 4837
        },
        "data_received": {
            "count": 3424596,
            "rate": 56836.161250714336
        },
        "vus_max": {
            "min": 130,
            "max": 130,
            "value": 130
        },
        "http_req_duration{expected_response:true}": {
            "min": 0.388,
            "med": 2.938,
            "max": 20.892,
            "p(90)": 6.0870000000000015,
            "p(95)": 7.759199999999999,
            "avg": 3.383590241885468
        },
        "data_sent": {
            "count": 791968,
            "rate": 13143.863087326426
        },
        "iteration_duration": {
            "p(95)": 1008.0976502,
            "avg": 1003.8273713928046,
            "min": 1000.533584,
            "med": 1003.466083,
            "max": 1022.316458,
            "p(90)": 1006.589575
        },
        "http_req_failed": {
            "passes": 0,
            "fails": 4837,
            "value": 0
        },
        "http_req_duration": {
            "med": 2.938,
            "max": 20.892,
            "p(90)": 6.0870000000000015,
            "p(95)": 7.759199999999999,
            "avg": 3.383590241885468,
            "min": 0.388,
            "thresholds": {
                "p(95)<800": false
            }
        },
        "checks": {
            "passes": 4837,
            "fails": 0,
            "value": 1
        },
        "http_req_sending": {
            "avg": 0.028187926400661933,
            "min": 0.004,
            "med": 0.02,
            "max": 2.316,
            "p(90)": 0.05,
            "p(95)": 0.067
        },
        "iterations": {
            "count": 4837,
            "rate": 80.27706391343833
        },
        "http_reqs": {
            "rate": 80.27706391343833,
            "count": 4837
        },
        "vus": {
            "value": 30,
            "min": 30,
            "max": 130
        }
    }
}